OBJECTID,LAD21CD,LAD21NM,BNG_E,BNG_N,LONG,LAT,SHAPE_Leng,SHAPE_Area
1,E06000001,Hartlepool,447160,531474,-1.270179986953735,54.67613983154297,70995.72293306683,93717029.90706965
2,E06000002,Middlesbrough,451141,516887,-1.210989952087402,54.54467010498047,44481.441384951846,53881562.628025025
3,E06000003,Redcar and Cleveland,464361,519597,-1.006080031394958,54.56752014160156,96704.03152538021,245069509.42356962
4,E06000004,Stockton-on-Tees,444940,518183,-1.306640028953552,54.55691146850586,123408.78809567598,204932952.7089874
5,E06000005,Darlington,428029,515648,-1.568349957466125,54.53533935546875,107203.1523344171,197477768.12826413
6,E06000006,Halton,354246,382146,-2.688529968261719,53.3342399597168,77770.93380014371,79084032.61571267
7,E06000007,Warrington,362744,388456,-2.561670064926147,53.39162826538086,114690.68684576062,180627982.92339498
8,E06000008,Blackburn with Darwen,369490,422806,-2.463599920272827,53.700801849365234,65284.95231773771,137022079.42208558
9,E06000009,Blackpool,332819,436635,-3.021990060806274,53.82164001464844,34483.47996553542,34870886.450042695
10,E06000010,"Kingston upon Hull, City of",511894,431650,-0.303820013999939,53.76919937133789,64681.10407827604,71583611.11532849
11,E06000011,East Riding of Yorkshire,488056,443597,-0.661949992179871,53.88111877441406,504081.63920616114,2404771586.812771
12,E06000012,North East Lincolnshire,523465,404564,-0.139109998941422,53.52326965332031,93248.48651988669,192622955.9119215
13,E06000013,North Lincolnshire,497800,410993,-0.524070024490356,53.586429595947266,244547.83749127117,846540130.3580738
14,E06000014,York,460864,452589,-1.073750019073486,53.9658203125,101947.38773363864,271931825.2294754
15,E06000015,Derby,435609,335375,-1.471889972686768,52.91463851928711,50037.5273504427,78031123.6712438
16,E06000016,Leicester,458946,304594,-1.130399942398071,52.635921478271484,51931.70733683458,73342071.69791746
17,E06000017,Rutland,492992,308655,-0.626299977302551,52.66764831542969,125884.93201930281,393748906.93066776
18,E06000018,Nottingham,456082,339969,-1.166669964790344,52.95418930053711,58724.03276757626,74613555.34191945
19,E06000019,"Herefordshire, County of",349434,242834,-2.739310026168823,52.081539154052734,349889.25997513323,2179709442.7288685
20,E06000020,Telford and Wrekin,367035,313057,-2.489409923553467,52.714168548583984,118779.65675785269,290313543.5261403
21,E06000021,Stoke-on-Trent,389438,346652,-2.158879995346069,53.01707077026367,63974.450651275154,93448482.20593612
22,E06000022,Bath and North East Somerset,366217,161999,-2.486540079116821,51.356040954589844,141684.56970806466,351123212.4978466
23,E06000023,"Bristol, City of",359990,174846,-2.577419996261597,51.47114944458008,108825.70191238314,109666791.49648985
24,E06000024,North Somerset,347614,166718,-2.754379987716675,51.39706039428711,154770.1712477453,374637225.9376233
25,E06000025,South Gloucestershire,367559,183198,-2.469219923019409,51.546730041503906,142552.7567693882,497050934.2710388
26,E06000026,Plymouth,249945,58255,-4.112969875335693,50.40494155883789,92645.28594711308,79849713.86885571
27,E06000027,Torbay,289730,64613,-3.555229902267456,50.47092056274414,77910.70099533568,62886694.463787474
28,E06000030,Swindon,418551,186564,-1.733669996261597,51.57762908935547,103014.61956982523,230093376.53508446
29,E06000031,Peterborough,517372,300777,-0.268739998340607,52.592140197753906,112677.96720628884,343378156.9718014
30,E06000032,Luton,508606,222559,-0.423189997673035,51.891021728515625,34569.602626602304,43352491.435106926
31,E06000033,Southend-on-Sea,587777,186837,0.706923007965088,51.549171447753906,57783.25337814208,41673935.68016103
32,E06000034,Thurrock,562123,181590,0.334861010313034,51.509979248046875,115992.12820590191,163837050.3223479
33,E06000035,Medway,578207,175198,0.56317400932312,51.44771957397461,249514.82476332563,193714249.22540915
34,E06000036,Bracknell Forest,488169,168792,-0.733630001544952,51.41130065917969,62507.9039338433,109384214.69757256
35,E06000037,West Berkshire,450575,172095,-1.273640036582947,51.44559097290039,166801.58309744718,704169399.4687732
36,E06000038,Reading,470226,173154,-0.990710020065308,51.45301818847656,39330.6369676029,40397992.560540296
37,E06000039,Slough,498920,179246,-0.576170027256012,51.503501892089844,44181.393234305986,32542009.050940823
38,E06000040,Windsor and Maidenhead,492079,176541,-0.675409972667694,51.48033905029297,114829.07170767635,198427168.80583987
39,E06000041,Wokingham,476624,169902,-0.899349987506866,51.42295837402344,86865.58990321617,178965482.69584766
40,E06000042,Milton Keynes,486408,242308,-0.740700006484985,52.072410583496094,102960.28981881501,308626791.3189783
41,E06000043,Brighton and Hove,530279,106850,-0.150790005922318,50.846500396728516,59519.38440527925,82832959.11016126
42,E06000044,Portsmouth,465619,101352,-1.070060014724731,50.80799865722656,62643.789485018635,40389409.30583789
43,E06000045,Southampton,442303,113700,-1.399520039558411,50.921199798583984,61543.9971629534,49880646.99025087
44,E06000046,Isle of Wight,447183,85949,-1.333660006523132,50.67129135131836,210138.3763517261,379620110.59848696
45,E06000047,County Durham,410381,532242,-1.840499997138977,54.68513107299805,315062.78058915754,2231457246.642489
46,E06000049,Cheshire East,380510,363462,-2.29298996925354,53.167930603027344,301224.74970264244,1166357380.9931805
47,E06000050,Cheshire West and Chester,353097,363145,-2.702980041503906,53.163360595703125,335614.8118390881,920018000.2484272
48,E06000051,Shropshire,350227,302960,-2.736670017242432,52.62211990356445,580649.3577272107,3197275382.0750694
49,E06000052,Cornwall,212497,64493,-4.642539978027344,50.450218200683594,1241734.3205624241,3548939236.522912
50,E06000053,Isles of Scilly,91327,11447,-6.302169799804688,49.92332077026367,117979.3390465418,16317753.952927768
51,E06000054,Wiltshire,405209,158863,-1.926609992980957,51.32883071899414,402006.28675909084,3255338119.7980504
52,E06000055,Bedford,505721,256463,-0.454629987478256,52.19628143310547,131721.08351793117,476408301.25779605
53,E06000056,Central Bedfordshire,504615,234492,-0.477539986371994,51.99903106689453,232692.31677881346,715665302.1866951
54,E06000057,Northumberland,395322,600699,-2.07522988319397,55.30036926269531,605421.9935402336,5032268631.476766
55,E06000058,"Bournemouth, Christchurch and Poole",410815,94066,-1.848070025444031,50.746089935302734,169171.62978485928,162070068.52285597
56,E06000059,Dorset,370871,99796,-2.414669990539551,50.79697036743164,594357.6567182263,2490956587.090013
57,E06000060,Buckinghamshire,482506,208561,-0.805689990520477,51.76966094970703,361852.6407174927,1564949149.7613013
58,E06000061,North Northamptonshire,493590,281718,-0.625039994716644,52.42546081542969,210629.48617393916,986594568.0731006
59,E06000062,West Northamptonshire,467187,263879,-1.016819953918457,52.268978118896484,263792.0539522393,1380395592.6181133
60,E07000008,Cambridge,545420,257901,0.126435995101929,52.20016860961914,37170.35821362351,40698797.944165654
61,E07000009,East Cambridgeshire,555576,275765,0.283149003982544,52.357879638671875,234187.59690780006,651286027.2541735
62,E07000010,Fenland,536361,294959,0.009015999734402,52.535438537597656,187881.71300912945,546450060.7296516
63,E07000011,Huntingdonshire,521008,274269,-0.224700003862381,52.3531494140625,223337.67217838875,912455234.1706959
64,E07000012,South Cambridgeshire,543295,247586,0.091017000377178,52.10805130004883,257078.04754240176,901624805.6575259
65,E07000026,Allerdale,317520,532997,-3.280900001525879,54.68524169921875,326488.8235912542,1258309834.5407948
66,E07000027,Barrow-in-Furness,321741,474165,-3.199899911880493,54.157310485839844,146480.66651763534,77896997.2619871
67,E07000028,Carlisle,348576,565154,-2.804980039596558,54.978328704833984,278392.31932142796,1038297606.568811
68,E07000029,Copeland,310871,508739,-3.37664008140564,54.46617126464844,252311.32563438904,737632448.4119364
69,E07000030,Eden,359636,526396,-2.626780033111572,54.63106918334961,268743.6568022739,2156471321.4142613
70,E07000031,South Lakeland,349265,489555,-2.781080007553101,54.29907989501953,381795.0020974088,1554926441.637373
71,E07000032,Amber Valley,436166,348084,-1.46219003200531,53.028839111328125,109036.16182269536,265437866.7909816
72,E07000033,Bolsover,448666,371548,-1.272279977798462,53.23875045776367,96239.00597955332,160334646.96074742
73,E07000034,Chesterfield,440049,373359,-1.401149988174438,53.2557487487793,52617.64619276333,66035293.26606296
74,E07000035,Derbyshire Dales,419697,358493,-1.707110047340393,53.123260498046875,245475.14624671626,795318060.8031466
75,E07000036,Erewash,443721,338063,-1.350900053977966,52.938201904296875,73547.40742276363,109630045.58939162
76,E07000037,High Peak,410474,387660,-1.843979954719543,53.38568878173828,159632.6537932274,540254002.9145565
77,E07000038,North East Derbyshire,437369,362955,-1.442530035972595,53.16242980957031,161243.41863516136,275623525.4164507
78,E07000039,South Derbyshire,431443,325363,-1.534800052642822,52.82490158081055,166692.9714826078,338126971.1973017
79,E07000040,East Devon,313790,96050,-3.223589897155762,50.757598876953125,219476.408977674,814245109.4011104
80,E07000041,Exeter,293239,92005,-3.513679981231689,50.71781921386719,50238.172250689335,47033024.83644833
81,E07000042,Mid Devon,288064,108911,-3.592119932174683,50.86882019042969,246269.42673741476,912900111.7100614
82,E07000043,North Devon,265110,132532,-3.926909923553467,51.076210021972656,321532.69354598667,1085882521.465241
83,E07000044,South Hams,270676,54036,-3.819960117340088,50.3719482421875,478794.08479117317,886546850.8147023
84,E07000045,Teignbridge,283144,80205,-3.652889966964722,50.60980987548828,191473.55603964906,673759657.1738081
85,E07000046,Torridge,244206,114334,-4.21727991104126,50.90739059448242,316930.37083844026,985258200.6130124
86,E07000047,West Devon,256376,86990,-4.033609867095947,50.66481018066406,254096.66646439745,1161110805.2418685
87,E07000061,Eastbourne,559339,99575,0.258516013622284,50.773868560791016,38032.275795457914,44161432.41393285
88,E07000062,Hastings,581528,110694,0.578395009040833,50.86724090576172,34102.0632489635,29796092.25469688
89,E07000063,Lewes,541474,105686,0.007670999970287,50.83340835571289,168359.74383734146,292106799.08684385
90,E07000064,Rother,578721,119666,0.542936980724335,50.94871139526367,180531.8596803167,511753822.4228952
91,E07000065,Wealden,555048,117180,0.205155998468399,50.93321990966797,225877.8353721932,834948412.0727063
92,E07000066,Basildon,571548,190848,0.475055009126663,51.59035873413086,85630.47584397241,110001022.96373719
93,E07000067,Braintree,577253,227335,0.575910985469818,51.91633987426758,168686.28003676192,611707972.2763736
94,E07000068,Brentwood,558560,196070,0.290091007947922,51.64107894897461,72339.3648640893,153124049.54366845
95,E07000069,Castle Point,579490,187920,0.588083982467651,51.561588287353516,163436.86681631234,44673516.73865911
96,E07000070,Chelmsford,572116,206972,0.4911769926548,51.73503112792969,126395.3087741426,342227523.1063913
97,E07000071,Colchester,596944,223693,0.859776973724365,51.87702178955078,318167.654850104,332325215.81693643
98,E07000072,Epping Forest,548919,203758,0.154146999120712,51.712791442871094,123273.05741746053,338984123.5991801
99,E07000073,Harlow,545276,209589,0.103887997567654,51.76613998413086,28515.35071766469,30537917.176376715
100,E07000074,Maldon,591413,212072,0.773105978965759,51.77457809448242,469757.10165733565,357815639.5780391
101,E07000075,Rochford,585979,191417,0.683441996574402,51.59090042114258,234542.60350257115,167092822.6109663
102,E07000076,Tendring,614190,222141,1.108981013298035,51.85673904418945,442534.7836356641,336324345.71398646
103,E07000077,Uttlesford,557832,228865,0.294485002756119,51.93592071533203,166507.73341747336,641182922.2930648
104,E07000078,Cheltenham,394925,222232,-2.075150012969971,51.89860916137695,38230.95163260014,46596069.56424728
105,E07000079,Cotswold,402125,208209,-1.970589995384216,51.77254867553711,332444.39057585696,1164524408.27787
106,E07000080,Forest of Dean,367175,212759,-2.477550029754639,51.8124885559082,190129.0842516155,525902190.81917185
107,E07000081,Gloucester,384071,216449,-2.232630014419556,51.84640884399414,33539.63893223026,40553089.07415918
108,E07000082,Stroud,378807,202410,-2.308180093765259,51.720008850097656,172781.84222382243,460541978.0655831
109,E07000083,Tewkesbury,386347,226279,-2.199980020523071,51.93484878540039,204835.3369964479,414414320.1591806
110,E07000084,Basingstoke and Deane,454508,151423,-1.220209956169128,51.259368896484375,143437.08013948702,633817174.9045472
111,E07000085,East Hampshire,474404,129237,-0.939710021018982,51.05765151977539,144540.45638125946,514432073.2964317
112,E07000086,Eastleigh,447202,116802,-1.329429984092712,50.9487190246582,75889.81836981598,79678661.75942968
113,E07000087,Fareham,453774,106319,-1.237419962882996,50.8538818359375,66342.58648393312,74256780.90338083
114,E07000088,Gosport,458769,101088,-1.167309999465942,50.806358337402344,40198.87836336049,25373864.36683166
115,E07000089,Hart,477985,154240,-0.883210003376007,51.2819709777832,77847.65097097908,215265080.73619983
116,E07000090,Havant,470178,108564,-1.003980040550232,50.872310638427734,115625.95190780118,55739559.55491237
117,E07000091,New Forest,428748,106521,-1.59292995929718,50.857479095458984,332043.0028952722,752175262.570157
118,E07000092,Rushmoor,486022,153944,-0.768069982528687,51.27814865112305,31892.986093180727,39045039.9990621
119,E07000093,Test Valley,434930,137329,-1.502140045166016,51.13417053222656,190816.01168514052,627595194.089379
120,E07000094,Winchester,453115,125901,-1.243929982185364,51.03002166748047,172157.92846910123,660970091.2309225
121,E07000095,Broxbourne,534742,204251,-0.050730001181364,51.72079849243164,39068.734776282836,51442302.89411462
122,E07000096,Dacorum,500084,208745,-0.550979971885681,51.76845169067383,110103.60360756631,212476395.56926107
123,E07000098,Hertsmere,519774,199352,-0.268990010023117,51.68016815185547,61228.10151678543,101128162.40454264
124,E07000099,North Hertfordshire,522192,230256,-0.223140001296997,51.95737838745117,168316.64149322783,375382315.7571707
125,E07000102,Three Rivers,507313,196418,-0.450049996376038,51.65631866455078,74112.51218272757,88824172.46052685
126,E07000103,Watford,510441,198197,-0.404289990663528,51.67169952392578,26392.36379175632,21430351.404045846
127,E07000105,Ashford,597640,140644,0.823373973369598,51.130958557128906,149446.3362526674,580617311.4216799
128,E07000106,Canterbury,616032,158096,1.096341967582703,51.28102111816406,134481.5332381533,308752563.3304423
129,E07000107,Dartford,556167,172917,0.245276004076004,51.43373107910156,57309.38509140611,72725578.22788304
130,E07000108,Dover,628964,150942,1.276887059211731,51.211761474609375,148160.69390982835,315337969.5588615
131,E07000109,Gravesham,566969,169114,0.398743987083435,51.396488189697266,60516.72116254259,98991344.39090975
132,E07000110,Maidstone,580489,151670,0.584061026573181,51.235660552978516,122980.44377468074,393329513.5555147
133,E07000111,Sevenoaks,552776,155218,0.188935995101929,51.275630950927734,134435.33014617144,370346869.5627989
134,E07000112,Folkestone and Hythe,610318,134595,1.000795006752014,51.07212829589844,148969.39855402618,356921036.8614926
135,E07000113,Swale,593583,161818,0.776893019676208,51.322509765625,347823.07392043417,373436666.2689986
136,E07000114,Thanet,631839,166752,1.32822597026825,51.35251998901367,65351.07991551825,103609163.12644978
137,E07000115,Tonbridge and Malling,564014,153898,0.349305987358093,51.26063919067383,133211.27386614596,240114269.48538285
138,E07000116,Tunbridge Wells,573139,136599,0.47163200378418,51.1025390625,150590.34827102127,331328858.20444757
139,E07000117,Burnley,384886,430882,-2.230799913406372,53.7740592956543,57764.47901191468,110683998.00922538
140,E07000118,Chorley,359189,419724,-2.619210004806519,53.672401428222656,114515.88716516581,202762136.97798878
141,E07000119,Fylde,339554,433811,-2.919140100479126,53.797088623046875,138118.39761870037,165696809.24225125
142,E07000120,Hyndburn,374407,428971,-2.389640092849731,53.7564811706543,42726.645533073206,73006538.39628285
143,E07000121,Lancaster,356896,464988,-2.660300016403198,54.079010009765625,345319.32904616476,566931386.9899558
144,E07000122,Pendle,387637,443368,-2.18956995010376,53.88636016845703,79243.62739070244,169380095.93673873
145,E07000123,Preston,352825,436432,-2.718090057373047,53.822021484375,82804.91515294972,142284181.58719447
146,E07000124,Ribble Valley,372687,447676,-2.417399883270264,53.92449951171875,150571.01901216584,584462427.3451915
147,E07000125,Rossendale,382827,420955,-2.261490106582642,53.68478012084961,71149.66789049457,138040902.83467543
148,E07000126,South Ribble,352017,425840,-2.728709936141968,53.726749420166016,105351.71672863446,113141866.93734868
149,E07000127,West Lancashire,342611,413270,-2.868930101394653,53.612831115722656,227324.58998957853,346632973.1139009
150,E07000128,Wyre,347295,445159,-2.803590059280396,53.89990997314453,212730.7211545465,282164810.76027995
151,E07000129,Blaby,454385,297994,-1.198869943618774,52.57706069946289,100819.77202031085,130468677.4805742
152,E07000130,Charnwood,458365,316155,-1.136940002441406,52.739898681640625,115474.27042431309,279042273.1046864
153,E07000131,Harborough,474549,293875,-0.902289986610413,52.53765869140625,185950.6398105476,592692043.9348737
154,E07000132,Hinckley and Bosworth,439538,301379,-1.417549967765808,52.608768463134766,111545.99177398482,297351487.7094166
155,E07000133,Melton,477328,323472,-0.854399979114532,52.80329132080078,140629.285236828,481380509.62402505
156,E07000134,North West Leicestershire,439111,316252,-1.42209005355835,52.74250030517578,116453.02578520989,279328076.04253966
157,E07000135,Oadby and Wigston,461543,299379,-1.093000054359436,52.588748931884766,31171.732946194406,23526096.525990438
158,E07000136,Boston,526851,343953,-0.11218000203371,52.97793960571289,440527.0913528585,364008573.37702996
159,E07000137,East Lindsey,534861,376064,0.020516000688076,53.264461517333984,373175.48759290646,1766773259.035486
160,E07000138,Lincoln,496347,370096,-0.558480024337769,53.21921157836914,32969.762987801616,35690274.46345825
161,E07000139,North Kesteven,502135,354788,-0.476700007915497,53.08058166503906,181807.6303941468,922471383.4081191
162,E07000140,South Holland,532910,322928,-0.03057000041008,52.78757858276367,438385.62657140766,750076114.0763173
163,E07000141,South Kesteven,501406,328986,-0.495649993419647,52.84885025024414,209816.23629416677,942585798.3733783
164,E07000142,West Lindsey,499314,390326,-0.507740020751953,53.40044021606445,249630.48017822398,1155731961.1836567
165,E07000143,Breckland,591015,303330,0.818715989589691,52.59421157836914,239527.4844254794,1305116638.262436
166,E07000144,Broadland,619864,315909,1.252316951751709,52.69622039794922,219128.14867315433,552060635.5690451
167,E07000145,Great Yarmouth,646761,315881,1.649510025978088,52.684391021728516,145908.01709849993,174314101.65518832
168,E07000146,King's Lynn and West Norfolk,571219,315805,0.533243000507355,52.71282958984375,695922.6114450347,1439522738.0239732
169,E07000147,North Norfolk,611076,330857,1.132099032402039,52.83388900756836,600214.6920256104,967553195.4269415
170,E07000148,Norwich,622355,309773,1.284978985786438,52.64012908935547,52686.50076483654,39021966.285992324
171,E07000149,South Norfolk,628990,295823,1.373232960700989,52.51218032836914,266872.2704030557,907576581.3874801
172,E07000163,Craven,389513,461989,-2.161679983139038,54.05376052856445,199883.56985249073,1178807442.7374
173,E07000164,Hambleton,443009,490546,-1.340489983558655,54.308719635009766,298549.7161500297,1311242676.267692
174,E07000165,Harrogate,427473,464652,-1.581609964370728,54.07707977294922,246983.78350352228,1309117894.6892557
175,E07000166,Richmondshire,401039,495786,-1.985520005226135,54.357608795166016,221695.05201312568,1318702675.0249398
176,E07000167,Ryedale,475590,478890,-0.842769980430603,54.20021057128906,249873.20163297138,1506594092.8198183
177,E07000168,Scarborough,495798,495548,-0.527779996395111,54.346500396728516,241939.6210964281,816188424.6991887
178,E07000169,Selby,457551,426670,-1.129080057144165,53.73326873779297,264847.13171010435,599315524.9033647
179,E07000170,Ashfield,450035,355843,-1.254220008850098,53.097469329833984,69174.70108369525,109557941.22315405
180,E07000171,Bassetlaw,468073,384835,-0.97869998216629,53.356040954589844,159734.42711558787,637803646.7510623
181,E07000172,Broxtowe,449829,341893,-1.259439945220947,52.97209930419922,65999.61650485941,80098842.64606467
182,E07000173,Gedling,459184,347811,-1.119070053100586,53.02434158325195,69754.38054574553,119981506.1413209
183,E07000174,Mansfield,455047,363637,-1.178040027618408,53.167030334472656,51090.814850584175,76696899.02723
184,E07000175,Newark and Sherwood,470624,357451,-0.946430027484894,53.10960006713867,187422.29409254383,651340472.1842418
185,E07000176,Rushcliffe,466606,335453,-1.010969996452332,52.91239929199219,123324.20481250253,409231535.9763312
186,E07000177,Cherwell,449301,221201,-1.285060048103333,51.88719940185547,225626.040390187,588741166.4423552
187,E07000178,Oxford,452277,206368,-1.244050025939941,51.753570556640625,34999.53485500603,45602916.35784271
188,E07000179,South Oxfordshire,463890,191964,-1.07846999168396,51.62287902832031,205399.79637962268,678521424.5084845
189,E07000180,Vale of White Horse,435693,195197,-1.485430002212524,51.6544303894043,175976.84218186364,578660266.6428971
190,E07000181,West Oxfordshire,434343,215816,-1.502920031547546,51.839900970458984,160247.4970180121,714422027.3778797
191,E07000187,Mendip,362238,144090,-2.5417799949646,51.194759368896484,198849.80377294897,739435425.7212847
192,E07000188,Sedgemoor,338429,143998,-2.882460117340088,51.19186019897461,258006.9777502761,564223845.1240491
193,E07000189,South Somerset,345633,120798,-2.775880098342896,50.98398971557617,241316.7359036706,959040235.6426244
194,E07000192,Cannock Chase,401261,311553,-1.982769966125488,52.70166015625,50127.567682705245,78882571.19323851
195,E07000193,East Staffordshire,412601,326569,-1.814380049705505,52.836509704589844,183696.0801716715,389987162.3390229
196,E07000194,Lichfield,416283,310967,-1.760489940643311,52.69615173339844,127468.12366533214,331294331.2899886
197,E07000195,Newcastle-under-Lyme,378199,345174,-2.3263099193573,53.003448486328125,108258.87790641382,210957320.57933924
198,E07000196,South Staffordshire,389625,311037,-2.154949903488159,52.69691848754883,184894.03498859817,407322253.0628065
199,E07000197,Stafford,389001,327836,-2.164750099182129,52.84791946411133,159078.50400400255,598172232.707002
200,E07000198,Staffordshire Moorlands,400543,352443,-1.993340015411377,53.06924057006836,152448.0057297771,575849820.3985442
201,E07000199,Tamworth,421455,302550,-1.684509992599487,52.62031173706055,30729.914572777907,30850718.765313786
202,E07000200,Babergh,599987,244692,0.916149020195007,52.06449890136719,210447.77906267182,595116562.5364993
203,E07000202,Ipswich,617161,244456,1.166144967079163,52.0559196472168,45342.29176163987,39509795.45100851
204,E07000203,Mid Suffolk,611646,262338,1.09695303440094,52.218589782714844,191154.57885846123,871070646.004869
205,E07000207,Elmbridge,511882,163658,-0.394410014152527,51.36098098754883,52205.999280747084,96334274.69596851
206,E07000208,Epsom and Ewell,521176,161475,-0.26172000169754,51.33945083618164,28503.66763315647,34079152.842614956
207,E07000209,Guildford,500408,151481,-0.562569975852966,51.253658294677734,128414.09885564164,270931187.38740647
208,E07000210,Mole Valley,518377,148953,-0.306030005216599,51.22748947143555,105402.6877865539,258320952.51708576
209,E07000211,Reigate and Banstead,525786,152574,-0.19870999455452,51.258460998535156,79923.50798043083,129143924.29743837
210,E07000212,Runnymede,501777,166979,-0.538550019264221,51.392730712890625,45677.289859286306,78040686.69118764
211,E07000213,Spelthorne,507012,169622,-0.462540000677109,51.41551971435547,44134.44918370541,51161362.66520557
212,E07000214,Surrey Heath,491362,160483,-0.689859986305237,51.33610153198242,53559.62249617127,95092959.25258702
213,E07000215,Tandridge,536365,150325,-0.048050001263618,51.235809326171875,83136.78247376287,248194569.76140195
214,E07000216,Waverley,496363,140635,-0.623430013656616,51.1568603515625,125435.76271186775,345170238.0299158
215,E07000217,Woking,499087,157542,-0.579819977283478,51.30836868286133,54781.327212708595,63603603.46362682
216,E07000218,North Warwickshire,425570,296399,-1.624199986457825,52.56483840942383,113230.42318090868,284261502.7429754
217,E07000219,Nuneaton and Bedworth,435419,289352,-1.479650020599365,52.500938415527344,48148.58496172506,78950291.64483863
218,E07000220,Rugby,446498,276244,-1.318279981613159,52.38227844238281,115093.4196068974,353557288.510639
219,E07000221,Stratford-on-Avon,425019,251536,-1.635650038719177,52.16154098510742,261383.67361672223,977869055.5698744
220,E07000222,Warwick,428484,267113,-1.583690047264099,52.30141830444336,116717.12723473943,282882319.7453211
221,E07000223,Adur,518076,106472,-0.324169993400574,50.84571838378906,60515.63234543669,42065494.46240846
222,E07000224,Arun,495144,105723,-0.649990022182465,50.84320831298828,156497.76028944395,220991201.21870378
223,E07000225,Chichester,490285,116600,-0.716300010681152,50.941768646240234,297274.81035062694,786194857.3970628
224,E07000226,Crawley,526390,137581,-0.195329993963242,51.12356948852539,38799.414929630344,44971203.15239883
225,E07000227,Horsham,513674,123840,-0.381260007619858,51.00271987915039,215759.5136935785,530278365.06977236
226,E07000228,Mid Sussex,533054,130623,-0.102719999849796,51.05952835083008,132912.17648848693,334029226.73411757
227,E07000229,Worthing,512679,104948,-0.401270002126694,50.833099365234375,29462.09519321585,32521008.047074433
228,E07000234,Bromsgrove,399840,273736,-2.003760099411011,52.361690521240234,113135.30596541637,216968481.0067563
229,E07000235,Malvern Hills,377465,252197,-2.330889940261841,52.167579650878906,230605.35525196558,577070979.602111
230,E07000236,Redditch,403705,265253,-1.947100043296814,52.2854118347168,41301.756007347416,54250911.91788095
231,E07000237,Worcester,385725,255196,-2.210249900817871,52.194820404052734,31263.066275777834,33278125.02364585
232,E07000238,Wychavon,398991,247839,-2.016139984130859,52.12886047363281,219519.70132435422,663541973.4526844
233,E07000239,Wyre Forest,384106,276388,-2.234940052032471,52.38529968261719,100867.07535558115,195403721.02813268
234,E07000240,St Albans,514580,209623,-0.340700000524521,51.7735595703125,72946.28480586126,161205874.24427193
235,E07000241,Welwyn Hatfield,525345,208467,-0.185179993510246,51.76087188720703,82391.98299683398,129536896.51824343
236,E07000242,East Hertfordshire,537995,220370,0.002738999901339,51.86484909057617,135188.17839554427,475669102.3643126
237,E07000243,Stevenage,524622,224531,-0.189869999885559,51.905391693115234,28588.261357579937,25969241.27939787
238,E07000244,East Suffolk,636043,266272,1.456186056137085,52.24399185180664,584790.2875478398,1260989579.4126546
239,E07000245,West Suffolk,580944,271124,0.652769029140472,52.30841827392578,274547.45556397183,1034675782.9032178
240,E07000246,Somerset West and Taunton,304960,130228,-3.357660055160522,51.063480377197266,288679.0239245628,1189084425.6824899
241,E08000001,Bolton,368352,409873,-2.479520082473755,53.58449172973633,82647.15773127228,139792042.62734967
242,E08000002,Bury,379658,410768,-2.308799982070923,53.593101501464844,68541.68841110123,99460126.87840603
243,E08000003,Manchester,384591,397063,-2.233589887619019,53.470088958740234,86856.39965730398,115648368.01940699
244,E08000004,Oldham,396603,406784,-2.052740097045898,53.55767822265625,71165.72046082858,142344917.44429496
245,E08000005,Rochdale,390315,412326,-2.147840023040771,53.6074104309082,82713.14455592856,158128175.38953477
246,E08000006,Salford,374556,398128,-2.384850025177002,53.479270935058594,63268.74159213799,97197278.4970104
247,E08000007,Stockport,391806,388264,-2.124670028686523,53.39115905761719,73638.5557808954,126040311.27518506
248,E08000008,Tameside,394987,397995,-2.07699990272522,53.478668212890625,55988.976221363984,103154292.9861387
249,E08000009,Trafford,375790,391162,-2.36572003364563,53.416709899902344,60718.08721235725,106044612.38986668
250,E08000010,Wigan,362136,402126,-2.57246994972229,53.51445007324219,88690.38581425582,188171012.46779948
251,E08000011,Knowsley,344762,393778,-2.832969903945923,53.43788146972656,68167.36916369533,86500060.75573607
252,E08000012,Liverpool,339361,390553,-2.913640022277832,53.40829849243164,62699.748783167786,111835572.36201026
253,E08000013,St. Helens,353412,395992,-2.703099966049194,53.4586181640625,76386.88958988104,136358793.4828819
254,E08000014,Sefton,334282,398832,-2.991770029067993,53.48210144042969,130345.75280274109,156578243.92380953
255,E08000015,Wirral,329110,386965,-3.067009925842285,53.374778747558594,133924.40853914118,160922013.98963657
256,E08000016,Barnsley,429979,403327,-1.54925000667572,53.5257682800293,126421.141156487,329077594.5037113
257,E08000017,Doncaster,459167,403735,-1.108940005302429,53.52696990966797,171114.48848026953,568006405.2865112
258,E08000018,Rotherham,447542,388980,-1.286509990692139,53.395530700683594,106151.90384443042,286534366.87658507
259,E08000019,Sheffield,430511,389736,-1.542539954185486,53.40357971191406,132837.06622998568,367930013.4512831
260,E08000021,Newcastle upon Tyne,422287,569661,-1.65296995639801,55.020999908447266,65224.12249785855,113446877.56481864
261,E08000022,North Tyneside,431471,570602,-1.509230017662048,55.028961181640625,65347.671888217636,82311584.92633945
262,E08000023,South Tyneside,435514,564057,-1.446789979934692,54.969879150390625,51335.26677941959,64420348.63888536
263,E08000024,Sunderland,436470,551524,-1.433439970016479,54.8571891784668,99824.62526348839,137436258.072006
264,E08000025,Birmingham,408150,287352,-1.881410002708435,52.484039306640625,106260.61949799421,267791058.79819983
265,E08000026,Coventry,432807,279689,-1.51908004283905,52.41423034667969,54057.19105876641,98639060.65705478
266,E08000027,Dudley,393191,288584,-2.101710081100464,52.4951286315918,75382.28027563554,97958243.34103252
267,E08000028,Sandwell,399573,290764,-2.007709980010986,52.5147705078125,59211.00113101752,85558927.89956418
268,E08000029,Solihull,419434,281483,-1.715579986572266,52.430999755859375,101031.27512847261,178282117.0554311
269,E08000030,Walsall,402098,300804,-1.970440030097961,52.60503005981445,59401.17942859658,103973538.34629723
270,E08000031,Wolverhampton,391463,300016,-2.12746000289917,52.59788131713867,56054.78866113977,69436709.47748975
271,E08000032,Bradford,408395,438626,-1.873890042304993,53.84381866455078,135920.36523687202,366419745.43652934
272,E08000033,Calderdale,402617,424896,-1.961820006370544,53.720481872558594,107687.18729366217,363960992.68486285
273,E08000034,Kirklees,414586,416223,-1.780850052833557,53.642330169677734,125668.27776993839,408551660.7975146
274,E08000035,Leeds,432528,436384,-1.507359981536865,53.822731018066406,161521.73551705887,551706535.8326532
275,E08000036,Wakefield,438366,418235,-1.420920014381409,53.65922164916992,109447.28637913996,338619733.8480313
276,E08000037,Gateshead,420159,559652,-1.68693995475769,54.931148529052734,89794.06237204917,142354807.5840597
277,E09000001,City of London,532382,181358,-0.093510001897812,51.51564025878906,9404.600409289515,2889678.8227915023
278,E09000002,Barking and Dagenham,547757,185111,0.129479005932808,51.54555130004883,40903.00611950448,36101367.437985145
279,E09000003,Barnet,523473,191752,-0.218189999461174,51.61106872558594,50937.77817706755,86766703.23634198
280,E09000004,Bexley,549202,175434,0.146211996674538,51.458221435546875,47959.490238445214,60578408.38549024
281,E09000005,Brent,519615,186465,-0.275680005550385,51.56438064575195,38441.46211032052,43236364.49973352
282,E09000006,Bromley,542036,165707,0.039246000349522,51.37266159057617,76225.71965475859,150132482.60320628
283,E09000007,Camden,527491,184283,-0.162909999489784,51.54304885864258,26245.739181561978,21778579.65600038
284,E09000008,Croydon,533922,164744,-0.077610000967979,51.365970611572266,58721.19577204011,86488720.66052943
285,E09000009,Ealing,517055,181959,-0.314099997282028,51.52442169189453,47461.417483616904,55542068.97287461
286,E09000010,Enfield,532831,196198,-0.081440001726151,51.64889144897461,41091.47176490108,82190329.69827789
287,E09000011,Greenwich,542507,175878,0.050092998892069,51.46393966674805,47635.28677331615,47311233.382988326
288,E09000012,Hackney,534560,185787,-0.060449998825788,51.5549201965332,25441.85444306658,19043878.175946664
289,E09000013,Hammersmith and Fulham,523867,177993,-0.217350006103516,51.48733139038086,24008.095871540045,16403288.643393185
290,E09000014,Haringey,531260,189349,-0.106700003147125,51.587711334228516,29085.50895732455,29606188.756853875
291,E09000015,Harrow,515359,189736,-0.335979998111725,51.594669342041016,33811.79128587023,50464270.39349796
292,E09000016,Havering,555032,187514,0.235367998480797,51.565189361572266,63722.71372405306,112343558.25294875
293,E09000017,Hillingdon,508166,183121,-0.441819995641708,51.53664016723633,63941.02128622049,115704359.83871204
294,E09000018,Hounslow,512737,174959,-0.378549993038177,51.462379455566406,64533.80365058472,55962868.55971379
295,E09000019,Islington,531160,184645,-0.109889999032021,51.54545974731445,20747.740080408068,14858041.719701244
296,E09000020,Kensington and Chelsea,525756,179058,-0.189769998192787,51.49647903442383,21062.94096765911,12123771.900136286
297,E09000021,Kingston upon Thames,519508,167389,-0.283670008182526,51.39295959472656,37549.921718031284,37259416.97810007
298,E09000022,Lambeth,531118,175629,-0.113849997520447,51.46445083618164,34048.71203630007,26807014.529104043
299,E09000023,Lewisham,537888,173343,-0.017340000718832,51.442298889160156,41214.89032545136,35146120.51365671
300,E09000024,Merton,526068,169508,-0.188679993152618,51.410579681396484,32439.533673771322,37624038.2781569
301,E09000025,Newham,540713,183346,0.0272610001266,51.531490325927734,35876.14494109302,36195900.425915405
302,E09000026,Redbridge,543512,189477,0.070084996521473,51.585880279541016,50492.93878409909,56397395.013545245
303,E09000027,Richmond upon Thames,519005,172650,-0.289139986038208,51.44034957885742,68932.84897340043,57392803.72170888
304,E09000028,Southwark,533945,175869,-0.073080003261566,51.465938568115234,34596.34215798069,28877697.10574256
305,E09000029,Sutton,527357,163639,-0.172260001301765,51.35755157470703,39927.91571223295,43847690.33148666
306,E09000030,Tower Hamlets,536340,181452,-0.036469999700785,51.515541076660156,28755.006273148047,19770868.222335152
307,E09000031,Waltham Forest,537328,190278,-0.018799999728799,51.594608306884766,33346.575271104644,38810231.01164043
308,E09000032,Wandsworth,525152,174138,-0.200210005044937,51.45240020751953,38839.85858779277,34261867.338949904
309,E09000033,Westminster,528268,180871,-0.152950003743172,51.512210845947266,27534.13166801373,21482611.197781995
310,N09000001,Antrim and Newtownabbey,130813,541285,-6.177599906921387,54.6938591003418,165144.79600921602,728186553.5359861
311,N09000002,"Armagh City, Banbridge and Craigavon",112110,508158,-6.434549808502197,54.38669967651367,243056.18754503515,1437068552.8153687
312,N09000003,Belfast,146465,529747,-5.925350189208984,54.59852981567383,65908.19751728442,137716630.153006
313,N09000004,Causeway Coast and Glens,106168,581420,-6.599599838256836,55.03961944580078,381749.49306811736,1985534511.6681073
314,N09000005,Derry City and Strabane,51779,559566,-7.420639991760254,54.80904006958008,271488.90820484003,1251241562.610855
315,N09000006,Fermanagh and Omagh,41233,513013,-7.527100086212158,54.38520812988281,426624.02839053096,3012114877.306827
316,N09000007,Lisburn and Castlereagh,138712,518920,-6.035449981689453,54.497520446777344,167382.91602122955,510438068.17916256
317,N09000008,Mid and East Antrim,133943,560151,-6.146450042724609,54.864620208740234,234862.58930451368,1061355466.9921033
318,N09000009,Mid Ulster,83920,528564,-6.888899803161621,54.552730560302734,318433.1847641001,1957293802.175522
319,N09000010,"Newry, Mourne and Down",133006,480432,-6.088910102844238,54.14952850341797,380092.25943488546,1682340590.0884266
320,N09000011,Ards and North Down,164321,524944,-5.645679950714111,54.564090728759766,204687.66081920365,566472955.047846
321,S12000005,Clackmannanshire,291178,696402,-3.753159999847412,56.1478385925293,96934.53723205264,159185046.7801609
322,S12000006,Dumfries and Galloway,270645,579856,-4.028629779815674,55.09621047973633,1207100.7965547533,6436566764.097092
323,S12000008,East Ayrshire,255398,624935,-4.29056978225708,55.49673843383789,340964.44096399844,1270342032.2148037
324,S12000010,East Lothian,354854,672351,-2.724349975585938,55.94207000732422,202128.8726582498,679240892.618404
325,S12000011,East Renfrewshire,251929,653115,-4.360599994659424,55.748680114746094,93882.42988378038,174249494.0816754
326,S12000013,Na h-Eileanan Siar,126473,932862,-6.657219886779785,58.199378967285156,3871068.338820155,3096614749.111115
327,S12000014,Falkirk,285585,680168,-3.836189985275269,56.00075149536133,169062.82612542168,297127560.139272
328,S12000017,Highland,241018,858292,-4.661029815673828,57.586570739746094,5228313.527555211,26158744575.518173
329,S12000018,Inverclyde,227922,670894,-4.753870010375977,55.900299072265625,79292.11885861332,161948856.60822147
330,S12000019,Midlothian,330088,659217,-3.117379903793335,55.821109771728516,126470.9904623982,355271578.326523
331,S12000020,Moray,328015,843590,-3.202019929885864,57.47679901123047,463278.21810874966,2237554237.471696
332,S12000021,North Ayrshire,228996,651640,-4.724599838256836,55.72789001464844,350167.4813257727,885284942.9548692
333,S12000023,Orkney Islands,348293,1006584,-2.90024995803833,58.94334030151367,1203117.0091449101,1015036193.3740013
334,S12000026,Scottish Borders,345889,626137,-2.858690023422241,55.52595138549805,514330.56176358793,4739167854.45028
335,S12000027,Shetland Islands,434516,1180307,-1.373440027236938,60.50495147705078,2321876.1601024,1468514416.844746
336,S12000028,South Ayrshire,226545,596271,-4.728990077972412,55.230079650878906,334722.07969684445,1224369285.1660538
337,S12000029,South Lanarkshire,284634,636071,-3.832720041275024,55.604530334472656,284527.3224949539,1773897195.3436983
338,S12000030,Stirling,255980,708769,-4.325950145721436,56.24953079223633,374946.18227435177,2252533429.022135
339,S12000033,Aberdeen City,387763,808479,-2.203979969024658,57.166969299316406,123490.69283460146,185566198.9627224
340,S12000034,Aberdeenshire,352284,816277,-2.792079925537109,57.23469161987305,795104.4590481585,6318011418.767142
341,S12000035,Argyll and Bute,200740,715443,-5.221139907836914,56.2894401550293,3795946.1125770183,7005854069.488164
342,S12000036,City of Edinburgh,320193,669417,-3.278259992599487,55.91120147705078,110339.00653669116,263390596.41217637
343,S12000038,Renfrewshire,239305,664698,-4.568339824676514,55.8486213684082,131636.10804852622,261487693.12371695
344,S12000039,West Dunbartonshire,242904,681586,-4.520740032196045,56.001399993896484,103696.85659826458,177320342.66482466
345,S12000040,West Lothian,299483,668514,-3.609090089797974,55.899200439453125,134896.99473910354,428772888.9876501
346,S12000041,Angus,345506,759636,-2.892100095748901,56.725181579589844,328926.66394758463,2184982991.1012416
347,S12000042,Dundee City,340291,732145,-2.97094988822937,56.47760009765625,47831.22101688847,59800691.08511232
348,S12000045,East Dunbartonshire,261240,676154,-4.224170207977295,55.958290100097656,99602.36015926531,174489023.42234915
349,S12000047,Fife,339187,704721,-2.982510089874268,56.23112106323242,358326.9202209258,1325190177.8180704
350,S12000048,Perth and Kinross,284302,744185,-3.88484001159668,56.575279235839844,633252.328522911,5383770897.171522
351,S12000049,Glasgow City,261534,667033,-4.214789867401123,55.87649154663086,135582.99800793047,174621293.70687312
352,S12000050,North Lanarkshire,277984,665608,-3.9514000415802,55.868141174316406,163984.67159574284,472309075.16236067
353,W06000001,Isle of Anglesey,245217,378331,-4.322979927062988,53.2793083190918,378962.15354984195,715212566.8237422
354,W06000002,Gwynedd,280555,334966,-3.77714991569519,52.89883041381836,643031.1860782943,2548293001.491819
355,W06000003,Conwy,283293,362563,-3.7464599609375,53.14738845825195,283264.26220498106,1130178952.5712445
356,W06000004,Denbighshire,309843,355416,-3.347609996795654,53.08832931518555,228754.6889912249,838716186.1454631
357,W06000005,Flintshire,321134,369280,-3.182480096817017,53.2147102355957,239008.2649268532,439830286.7762655
358,W06000006,Wrexham,333523,345387,-2.992029905319214,53.001670837402344,190040.48757401484,503773487.9326202
359,W06000008,Ceredigion,267127,268437,-3.94992995262146,52.297950744628906,382134.5516230073,1788379278.2018015
360,W06000009,Pembrokeshire,199821,221392,-4.908180236816406,51.85512924194336,743271.4116768996,1618344602.5681167
361,W06000010,Carmarthenshire,247954,224133,-4.211100101470947,51.89495086669922,591758.3582083785,2371104004.2418375
362,W06000011,Swansea,264022,197308,-3.967230081558228,51.658058166503906,270826.9122984503,377614559.6010407
363,W06000012,Neath Port Talbot,279261,195412,-3.746380090713501,51.644500732421875,182189.8738964369,442272615.12108856
364,W06000013,Bridgend,288231,185870,-3.613749980926514,51.56060028076172,93192.1892347876,250785304.3799612
365,W06000014,Vale of Glamorgan,302947,173080,-3.398010015487671,51.448360443115234,108403.09693585496,331261393.923654
366,W06000015,Cardiff,315272,178887,-3.222090005874634,51.502540588378906,79618.42293837575,142303624.58136448
367,W06000016,Rhondda Cynon Taf,302237,192395,-3.413589954376221,51.621849060058594,130240.62460283682,424150424.9553839
368,W06000018,Caerphilly,317245,195259,-3.197530031204224,51.65000915527344,116205.60066661441,277387820.79529256
369,W06000019,Blaenau Gwent,318236,206771,-3.185920000076294,51.753639221191406,65601.67444090781,108728048.16528551
370,W06000020,Torfaen,327459,200480,-3.051009893417358,51.698360443115234,82544.7709799912,126239927.86760022
371,W06000021,Monmouthshire,337812,209231,-2.9028000831604,51.77827072143555,224917.24278051787,850326621.679468
372,W06000022,Newport,337897,187432,-2.897690057754517,51.58230972290039,153216.30004404654,190431130.83486426
373,W06000023,Powys,302329,273255,-3.435309886932373,52.34864044189453,610121.3156029445,5195311014.489079
374,W06000024,Merthyr Tydfil,305916,206424,-3.36424994468689,51.74858093261719,66696.8154449643,111957012.0204278